{"name": {"th": "\u0e1b\u0e0f\u0e34\u0e1a\u0e31\u0e15\u0e34\u0e01\u0e32\u0e23\u0e0a\u0e19\u0e34\u0e14\u0e02\u0e49\u0e2d\u0e21\u0e39\u0e25\u0e19\u0e32\u0e21\u0e18\u0e23\u0e23\u0e21", "en": "Abstract Data Types Laboratory"}, "credit": {"self": 2, "lab": 3, "total": 1, "lecture": 0}, "prereq": [{"simultaneous": true, "id": "01204212"}], "description": {"th": "\u0e1b\u0e0f\u0e34\u0e1a\u0e31\u0e15\u0e34\u0e01\u0e32\u0e23\u0e2a\u0e33\u0e2b\u0e23\u0e31\u0e1a\u0e27\u0e34\u0e0a\u0e32 01204212 \u0e0a\u0e19\u0e34\u0e14\u0e02\u0e49\u0e2d\u0e21\u0e39\u0e25\u0e19\u0e32\u0e21\u0e18\u0e23\u0e23\u0e21\u0e41\u0e25\u0e30\u0e01\u0e32\u0e23\u0e41\u0e01\u0e49\u0e1b\u0e31\u0e0d\u0e2b\u0e32", "en": "Laboratory for 01204212 Abstract Data Types and Problem Solving."}, "id": "01219212"}