{"name": {"th": "\u0e42\u0e04\u0e23\u0e07\u0e07\u0e32\u0e19\u0e01\u0e25\u0e38\u0e48\u0e21\u0e19\u0e27\u0e31\u0e15\u0e01\u0e23\u0e23\u0e21\u0e0b\u0e2d\u0e1f\u0e15\u0e4c\u0e41\u0e27\u0e23\u0e4c", "en": "Innovative Software Group Project"}, "credit": {"self": 6, "lab": 3, "total": 3, "lecture": 2}, "prereq": [{"simultaneous": false, "id": "01219490"}], "description": {"th": "\u0e42\u0e04\u0e23\u0e07\u0e07\u0e32\u0e19\u0e01\u0e25\u0e38\u0e48\u0e21\u0e23\u0e30\u0e22\u0e30\u0e22\u0e32\u0e27\u0e43\u0e19\u0e01\u0e32\u0e23\u0e2a\u0e23\u0e49\u0e32\u0e07\u0e41\u0e25\u0e30\u0e1e\u0e31\u0e12\u0e19\u0e32\u0e40\u0e04\u0e23\u0e37\u0e48\u0e2d\u0e07\u0e21\u0e37\u0e2d\u0e19\u0e27\u0e31\u0e15\u0e01\u0e23\u0e23\u0e21\u0e43\u0e19\u0e07\u0e32\u0e19\u0e14\u0e49\u0e32\u0e19\u0e27\u0e34\u0e28\u0e27\u0e01\u0e23\u0e23\u0e21\u0e0b\u0e2d\u0e1f\u0e15\u0e4c\u0e41\u0e27\u0e23\u0e4c\u0e41\u0e25\u0e30\u0e04\u0e27\u0e32\u0e21\u0e23\u0e39\u0e49", "en": "Long-term workgroup project on production and development of innovative tools for software and knowledge engineering."}, "id": "01219499"}