{"name": {"th": "\u0e2a\u0e31\u0e21\u0e21\u0e19\u0e32", "en": "Seminar"}, "credit": {"total": 1}, "prereq": [], "description": {"th": "\u0e01\u0e32\u0e23\u0e19\u0e33\u0e40\u0e2a\u0e19\u0e2d\u0e41\u0e25\u0e30\u0e2d\u0e20\u0e34\u0e1b\u0e23\u0e32\u0e22\u0e43\u0e19\u0e2b\u0e31\u0e27\u0e02\u0e49\u0e2d\u0e17\u0e35\u0e48\u0e19\u0e48\u0e32\u0e2a\u0e19\u0e43\u0e08\u0e17\u0e32\u0e07\u0e27\u0e34\u0e28\u0e27\u0e01\u0e23\u0e23\u0e21\u0e0b\u0e2d\u0e1f\u0e15\u0e4c\u0e41\u0e27\u0e23\u0e4c\u0e41\u0e25\u0e30\u0e04\u0e27\u0e32\u0e21\u0e23\u0e39\u0e49\u0e43\u0e19\u0e23\u0e30\u0e14\u0e31\u0e1a\u0e1b\u0e23\u0e34\u0e0d\u0e0d\u0e32\u0e15\u0e23\u0e35", "en": "Presentation and discussion on interesting topics in software and knowledge engineering at the bachelor\u2019s degree level."}, "id": "01219497"}