{"name": {"th": "\u0e1b\u0e0f\u0e34\u0e1a\u0e31\u0e15\u0e34\u0e01\u0e32\u0e23\u0e01\u0e23\u0e30\u0e1a\u0e27\u0e19\u0e01\u0e32\u0e23\u0e1e\u0e31\u0e12\u0e19\u0e32\u0e0b\u0e2d\u0e1f\u0e15\u0e4c\u0e41\u0e27\u0e23\u0e4c\u0e40\u0e0a\u0e34\u0e07\u0e1a\u0e38\u0e04\u0e04\u0e25", "en": "Individual Software Development Process Laboratory"}, "credit": {"self": 2, "lab": 3, "total": 1, "lecture": 0}, "prereq": [{"simultaneous": true, "id": "01219245"}], "description": {"th": "\u0e1b\u0e0f\u0e34\u0e1a\u0e31\u0e15\u0e34\u0e01\u0e32\u0e23\u0e2a\u0e33\u0e2b\u0e23\u0e31\u0e1a\u0e27\u0e34\u0e0a\u0e32 01219245 \u0e01\u0e23\u0e30\u0e1a\u0e27\u0e19\u0e01\u0e32\u0e23\u0e1e\u0e31\u0e12\u0e19\u0e32\u0e0b\u0e2d\u0e1f\u0e15\u0e4c\u0e41\u0e27\u0e23\u0e4c\u0e40\u0e0a\u0e34\u0e07\u0e1a\u0e38\u0e04\u0e04\u0e25", "en": "Laboratory for 01219245 Individual Software Development Process."}, "id": "01219246"}