{"name": {"th": "\u0e04\u0e48\u0e32\u0e22\u0e1d\u0e36\u0e01\u0e1e\u0e31\u0e12\u0e19\u0e32\u0e0b\u0e2d\u0e1f\u0e15\u0e4c\u0e41\u0e27\u0e23\u0e4c", "en": "Software Development Training Camp"}, "credit": {"self": 2, "lab": 3, "total": 1, "lecture": 0}, "prereq": [], "description": {"th": "\u0e04\u0e48\u0e32\u0e22\u0e40\u0e1e\u0e34\u0e48\u0e21\u0e1e\u0e39\u0e19\u0e17\u0e31\u0e01\u0e29\u0e30\u0e01\u0e32\u0e23\u0e1e\u0e31\u0e12\u0e19\u0e32\u0e42\u0e1b\u0e23\u0e41\u0e01\u0e23\u0e21\u0e44\u0e21\u0e48\u0e15\u0e48\u0e33\u0e01\u0e27\u0e48\u0e32 48 \u0e0a\u0e31\u0e48\u0e27\u0e42\u0e21\u0e07", "en": "Program development skill enhancement camp, at least 48 person-hours."}, "id": "01219211"}