[{"name": {"th": "\u0e01\u0e32\u0e23\u0e42\u0e1b\u0e23\u0e41\u0e01\u0e23\u0e21\u0e40\u0e0a\u0e34\u0e07\u0e27\u0e31\u0e15\u0e16\u0e38 I", "en": "Object-Oriented Programming I"}, "id": "01219111"}, {"name": {"th": "\u0e40\u0e17\u0e04\u0e42\u0e19\u0e42\u0e25\u0e22\u0e35\u0e2a\u0e32\u0e23\u0e2a\u0e19\u0e40\u0e17\u0e28\u0e40\u0e1a\u0e37\u0e49\u0e2d\u0e07\u0e15\u0e49\u0e19", "en": "Introduction to Information Technology"}, "id": "01219112"}, {"name": {"th": "\u0e01\u0e32\u0e23\u0e42\u0e1b\u0e23\u0e41\u0e01\u0e23\u0e21\u0e40\u0e0a\u0e34\u0e07\u0e27\u0e31\u0e15\u0e16\u0e38 II", "en": "Object-Oriented Programming II"}, "id": "01219113"}, {"name": {"th": "\u0e04\u0e48\u0e32\u0e22\u0e1d\u0e36\u0e01\u0e1e\u0e31\u0e12\u0e19\u0e32\u0e0b\u0e2d\u0e1f\u0e15\u0e4c\u0e41\u0e27\u0e23\u0e4c", "en": "Software Development Training Camp"}, "id": "01219211"}, {"name": {"th": "\u0e1b\u0e0f\u0e34\u0e1a\u0e31\u0e15\u0e34\u0e01\u0e32\u0e23\u0e0a\u0e19\u0e34\u0e14\u0e02\u0e49\u0e2d\u0e21\u0e39\u0e25\u0e19\u0e32\u0e21\u0e18\u0e23\u0e23\u0e21", "en": "Abstract Data Types Laboratory"}, "id": "01219212"}, {"name": {"th": "\u0e17\u0e31\u0e01\u0e29\u0e30\u0e01\u0e32\u0e23\u0e2a\u0e37\u0e48\u0e2d\u0e2a\u0e32\u0e23\u0e2a\u0e33\u0e2b\u0e23\u0e31\u0e1a\u0e27\u0e34\u0e28\u0e27\u0e01\u0e23\u0e0b\u0e2d\u0e1f\u0e15\u0e4c\u0e41\u0e27\u0e23\u0e4c\u0e41\u0e25\u0e30\u0e04\u0e27\u0e32\u0e21\u0e23\u0e39\u0e49", "en": "Communication Skills for Software and Knowledge Engineers"}, "id": "01219213"}, {"name": {"th": "\u0e04\u0e27\u0e32\u0e21\u0e19\u0e48\u0e32\u0e08\u0e30\u0e40\u0e1b\u0e47\u0e19\u0e41\u0e25\u0e30\u0e2a\u0e16\u0e34\u0e15\u0e34\u0e2a\u0e33\u0e2b\u0e23\u0e31\u0e1a\u0e27\u0e34\u0e28\u0e27\u0e01\u0e23\u0e0b\u0e2d\u0e1f\u0e15\u0e4c\u0e41\u0e27\u0e23\u0e4c\u0e41\u0e25\u0e30\u0e04\u0e27\u0e32\u0e21\u0e23\u0e39\u0e49", "en": "Probability and Statistics for Software and Knowledge Engineers"}, "id": "01219214"}, {"name": {"th": "\u0e1b\u0e0f\u0e34\u0e1a\u0e31\u0e15\u0e34\u0e01\u0e32\u0e23\u0e23\u0e30\u0e1a\u0e1a\u0e04\u0e2d\u0e21\u0e1e\u0e34\u0e27\u0e40\u0e15\u0e2d\u0e23\u0e4c", "en": "Computer System Laboratory"}, "id": "01219215"}, {"name": {"th": "\u0e23\u0e30\u0e1a\u0e1a\u0e1b\u0e0f\u0e34\u0e1a\u0e31\u0e15\u0e34\u0e01\u0e32\u0e23\u0e2a\u0e33\u0e2b\u0e23\u0e31\u0e1a\u0e27\u0e34\u0e28\u0e27\u0e01\u0e23\u0e0b\u0e2d\u0e1f\u0e15\u0e4c\u0e41\u0e27\u0e23\u0e4c\u0e41\u0e25\u0e30\u0e04\u0e27\u0e32\u0e21\u0e23\u0e39\u0e49", "en": "Operating Systems for Software and Knowledge Engineers"}, "id": "01219216"}, {"name": {"th": "\u0e2d\u0e07\u0e04\u0e4c\u0e01\u0e23\u0e41\u0e25\u0e30\u0e2a\u0e16\u0e32\u0e1b\u0e31\u0e15\u0e22\u0e01\u0e23\u0e23\u0e21\u0e04\u0e2d\u0e21\u0e1e\u0e34\u0e27\u0e40\u0e15\u0e2d\u0e23\u0e4c", "en": "Computer Organization and Architecture"}, "id": "01219221"}, {"name": {"th": "\u0e02\u0e49\u0e2d\u0e01\u0e33\u0e2b\u0e19\u0e14\u0e41\u0e25\u0e30\u0e01\u0e32\u0e23\u0e2d\u0e2d\u0e01\u0e41\u0e1a\u0e1a\u0e0b\u0e2d\u0e1f\u0e15\u0e4c\u0e41\u0e27\u0e23\u0e4c", "en": "Software Specification and Design"}, "id": "01219243"}, {"name": {"th": "\u0e1b\u0e0f\u0e34\u0e1a\u0e31\u0e15\u0e34\u0e01\u0e32\u0e23\u0e02\u0e49\u0e2d\u0e01\u0e33\u0e2b\u0e19\u0e14\u0e41\u0e25\u0e30\u0e01\u0e32\u0e23\u0e2d\u0e2d\u0e01\u0e41\u0e1a\u0e1a\u0e0b\u0e2d\u0e1f\u0e15\u0e4c\u0e41\u0e27\u0e23\u0e4c", "en": "Software Specification and Design Laboratory"}, "id": "01219244"}, {"name": {"th": "\u0e01\u0e23\u0e30\u0e1a\u0e27\u0e19\u0e01\u0e32\u0e23\u0e1e\u0e31\u0e12\u0e19\u0e32\u0e0b\u0e2d\u0e1f\u0e15\u0e4c\u0e41\u0e27\u0e23\u0e4c\u0e40\u0e0a\u0e34\u0e07\u0e40\u0e14\u0e35\u0e48\u0e22\u0e27", "en": "Individual Software Development Process"}, "id": "01219245"}, {"name": {"th": "\u0e1b\u0e0f\u0e34\u0e1a\u0e31\u0e15\u0e34\u0e01\u0e32\u0e23\u0e01\u0e23\u0e30\u0e1a\u0e27\u0e19\u0e01\u0e32\u0e23\u0e1e\u0e31\u0e12\u0e19\u0e32\u0e0b\u0e2d\u0e1f\u0e15\u0e4c\u0e41\u0e27\u0e23\u0e4c\u0e40\u0e0a\u0e34\u0e07\u0e1a\u0e38\u0e04\u0e04\u0e25", "en": "Individual Software Development Process Laboratory"}, "id": "01219246"}, {"name": {"th": "\u0e27\u0e34\u0e28\u0e27\u0e01\u0e23\u0e23\u0e21\u0e04\u0e27\u0e32\u0e21\u0e23\u0e39\u0e49\u0e41\u0e25\u0e30\u0e01\u0e32\u0e23\u0e08\u0e31\u0e14\u0e01\u0e32\u0e23\u0e04\u0e27\u0e32\u0e21\u0e23\u0e39\u0e49", "en": "Knowledge Engineering and Knowledge Management"}, "id": "01219271"}, {"name": {"th": "\u0e01\u0e32\u0e23\u0e2a\u0e37\u0e48\u0e2d\u0e2a\u0e32\u0e23\u0e02\u0e49\u0e2d\u0e21\u0e39\u0e25\u0e41\u0e25\u0e30\u0e01\u0e32\u0e23\u0e42\u0e1b\u0e23\u0e41\u0e01\u0e23\u0e21\u0e04\u0e2d\u0e21\u0e1e\u0e34\u0e27\u0e40\u0e15\u0e2d\u0e23\u0e4c\u0e40\u0e04\u0e23\u0e37\u0e2d\u0e02\u0e48\u0e32\u0e22", "en": "Data Communication and Computers Networks Programming"}, "id": "01219321"}, {"name": {"th": "\u0e27\u0e34\u0e28\u0e27\u0e01\u0e23\u0e23\u0e21\u0e1e\u0e32\u0e13\u0e34\u0e0a\u0e22\u0e4c\u0e2d\u0e34\u0e40\u0e25\u0e47\u0e01\u0e17\u0e23\u0e2d\u0e19\u0e34\u0e01\u0e2a\u0e4c", "en": "Electronic Commerce Engineering"}, "id": "01219322"}, {"name": {"th": "\u0e04\u0e25\u0e31\u0e07\u0e02\u0e49\u0e2d\u0e21\u0e39\u0e25", "en": "Data Warehouse"}, "id": "01219332"}, {"name": {"th": "\u0e01\u0e32\u0e23\u0e17\u0e33\u0e40\u0e2b\u0e21\u0e37\u0e2d\u0e07\u0e02\u0e49\u0e2d\u0e21\u0e39\u0e25\u0e40\u0e1a\u0e37\u0e49\u0e2d\u0e07\u0e15\u0e49\u0e19", "en": "Introduction to Data Mining"}, "id": "01219333"}, {"name": {"th": "\u0e01\u0e32\u0e23\u0e1b\u0e23\u0e30\u0e21\u0e27\u0e25\u0e1c\u0e25\u0e23\u0e32\u0e22\u0e01\u0e32\u0e23\u0e40\u0e1b\u0e25\u0e35\u0e48\u0e22\u0e19\u0e41\u0e1b\u0e25\u0e07", "en": "Transaction Processing"}, "id": "01219334"}, {"name": {"th": "\u0e01\u0e32\u0e23\u0e17\u0e14\u0e2a\u0e2d\u0e1a\u0e0b\u0e2d\u0e1f\u0e15\u0e4c\u0e41\u0e27\u0e23\u0e4c", "en": "Software Testing"}, "id": "01219343"}, {"name": {"th": "\u0e01\u0e32\u0e23\u0e1e\u0e31\u0e12\u0e19\u0e32\u0e0b\u0e2d\u0e1f\u0e15\u0e4c\u0e41\u0e27\u0e23\u0e4c\u0e1a\u0e19\u0e2d\u0e38\u0e1b\u0e01\u0e23\u0e13\u0e4c\u0e40\u0e04\u0e25\u0e37\u0e48\u0e2d\u0e19\u0e17\u0e35\u0e48", "en": "Mobile Software Development"}, "id": "01219344"}, {"name": {"th": "\u0e01\u0e23\u0e30\u0e1a\u0e27\u0e19\u0e01\u0e32\u0e23\u0e1e\u0e31\u0e12\u0e19\u0e32\u0e0b\u0e2d\u0e1f\u0e15\u0e4c\u0e41\u0e27\u0e23\u0e4c\u0e40\u0e0a\u0e34\u0e07\u0e01\u0e25\u0e38\u0e48\u0e21\u0e07\u0e32\u0e19", "en": "Workgroup Software Development Process"}, "id": "01219347"}, {"name": {"th": "\u0e1b\u0e0f\u0e34\u0e1a\u0e31\u0e15\u0e34\u0e01\u0e32\u0e23\u0e01\u0e23\u0e30\u0e1a\u0e27\u0e19\u0e01\u0e32\u0e23\u0e1e\u0e31\u0e12\u0e19\u0e32\u0e0b\u0e2d\u0e1f\u0e15\u0e4c\u0e41\u0e27\u0e23\u0e4c\u0e40\u0e0a\u0e34\u0e07\u0e01\u0e25\u0e38\u0e48\u0e21\u0e07\u0e32\u0e19", "en": "Workgroup Software Development Process Laboratory"}, "id": "01219348"}, {"name": {"th": "\u0e01\u0e32\u0e23\u0e1e\u0e31\u0e12\u0e19\u0e32\u0e0b\u0e2d\u0e1f\u0e15\u0e4c\u0e41\u0e27\u0e23\u0e4c\u0e1b\u0e23\u0e30\u0e22\u0e38\u0e01\u0e15\u0e4c\u0e1a\u0e19\u0e40\u0e27\u0e47\u0e1a", "en": "Web Application Development"}, "id": "01219351"}, {"name": {"th": "\u0e2d\u0e31\u0e08\u0e09\u0e23\u0e34\u0e22\u0e30\u0e40\u0e0a\u0e34\u0e07\u0e18\u0e38\u0e23\u0e01\u0e34\u0e08", "en": "Business Intelligence"}, "id": "01219361"}, {"name": {"th": "\u0e01\u0e32\u0e23\u0e40\u0e23\u0e35\u0e22\u0e19\u0e23\u0e39\u0e49\u0e02\u0e2d\u0e07\u0e40\u0e04\u0e23\u0e37\u0e48\u0e2d\u0e07\u0e08\u0e31\u0e01\u0e23", "en": "Machine Learning"}, "id": "01219362"}, {"name": {"th": "\u0e01\u0e32\u0e23\u0e41\u0e17\u0e19\u0e04\u0e27\u0e32\u0e21\u0e23\u0e39\u0e49", "en": "Knowledge Representation"}, "id": "01219363"}, {"name": {"th": "\u0e01\u0e32\u0e23\u0e04\u0e49\u0e19\u0e1e\u0e1a\u0e04\u0e27\u0e32\u0e21\u0e23\u0e39\u0e49", "en": "Knowledge Discovery"}, "id": "01219364"}, {"name": {"th": "\u0e40\u0e17\u0e04\u0e42\u0e19\u0e42\u0e25\u0e22\u0e35\u0e2a\u0e32\u0e23\u0e2a\u0e19\u0e40\u0e17\u0e28\u0e2a\u0e33\u0e2b\u0e23\u0e31\u0e1a\u0e01\u0e32\u0e23\u0e08\u0e31\u0e14\u0e01\u0e32\u0e23\u0e04\u0e27\u0e32\u0e21\u0e23\u0e39\u0e49", "en": "Information Technology for Managing Knowledge"}, "id": "01219371"}, {"name": {"th": "\u0e01\u0e32\u0e23\u0e08\u0e31\u0e14\u0e01\u0e32\u0e23\u0e19\u0e27\u0e31\u0e15\u0e01\u0e23\u0e23\u0e21", "en": "Innovation Management"}, "id": "01219373"}, {"name": {"th": "\u0e27\u0e34\u0e28\u0e27\u0e01\u0e23\u0e23\u0e21\u0e02\u0e49\u0e2d\u0e21\u0e39\u0e25\u0e2a\u0e37\u0e48\u0e2d\u0e1b\u0e23\u0e30\u0e2a\u0e21", "en": "Multimedia Data Engineering"}, "id": "01219381"}, {"name": {"th": "\u0e1e\u0e25\u0e27\u0e31\u0e15\u0e34\u0e40\u0e0a\u0e34\u0e07\u0e01\u0e25\u0e38\u0e48\u0e21\u0e41\u0e25\u0e30\u0e08\u0e34\u0e15\u0e27\u0e34\u0e17\u0e22\u0e32", "en": "Group Dynamics and Psychology"}, "id": "01219391"}, {"name": {"th": "\u0e04\u0e27\u0e32\u0e21\u0e21\u0e31\u0e48\u0e19\u0e04\u0e07\u0e02\u0e2d\u0e07\u0e23\u0e30\u0e1a\u0e1a\u0e04\u0e2d\u0e21\u0e1e\u0e34\u0e27\u0e40\u0e15\u0e2d\u0e23\u0e4c", "en": "Computer Systems Security"}, "id": "01219411"}, {"name": {"th": "\u0e01\u0e32\u0e23\u0e40\u0e02\u0e35\u0e22\u0e19\u0e40\u0e0a\u0e34\u0e07\u0e40\u0e17\u0e04\u0e19\u0e34\u0e04\u0e2a\u0e33\u0e2b\u0e23\u0e31\u0e1a\u0e27\u0e34\u0e28\u0e27\u0e01\u0e23\u0e0b\u0e2d\u0e1f\u0e15\u0e4c\u0e41\u0e27\u0e23\u0e4c\u0e41\u0e25\u0e30\u0e04\u0e27\u0e32\u0e21\u0e23\u0e39\u0e49", "en": "Technical Writing for Software and Knowledge Engineers"}, "id": "01219412"}, {"name": {"th": "\u0e1b\u0e0f\u0e34\u0e1a\u0e31\u0e15\u0e34\u0e01\u0e32\u0e23\u0e41\u0e1a\u0e1a\u0e23\u0e39\u0e1b\u0e41\u0e25\u0e30\u0e2a\u0e16\u0e32\u0e1b\u0e31\u0e15\u0e22\u0e01\u0e23\u0e23\u0e21\u0e0b\u0e2d\u0e1f\u0e15\u0e4c\u0e41\u0e27\u0e23\u0e4c", "en": "Software Patterns and Architecture Laboratory"}, "id": "01219448"}, {"name": {"th": "\u0e41\u0e1a\u0e1a\u0e23\u0e39\u0e1b\u0e41\u0e25\u0e30\u0e2a\u0e16\u0e32\u0e1b\u0e31\u0e15\u0e22\u0e01\u0e23\u0e23\u0e21\u0e0b\u0e2d\u0e1f\u0e15\u0e4c\u0e41\u0e27\u0e23\u0e4c", "en": "Software Patterns and Architecture"}, "id": "01219449"}, {"name": {"th": "\u0e40\u0e17\u0e04\u0e42\u0e19\u0e42\u0e25\u0e22\u0e35\u0e01\u0e32\u0e23\u0e1a\u0e23\u0e34\u0e01\u0e32\u0e23\u0e40\u0e27\u0e47\u0e1a", "en": "Web Services Technology"}, "id": "01219451"}, {"name": {"th": "\u0e01\u0e32\u0e23\u0e27\u0e34\u0e40\u0e04\u0e23\u0e32\u0e30\u0e2b\u0e4c\u0e40\u0e19\u0e37\u0e49\u0e2d\u0e2b\u0e32\u0e2a\u0e37\u0e48\u0e2d\u0e1b\u0e23\u0e30\u0e2a\u0e21", "en": "Multimedia Content Analysis"}, "id": "01219481"}, {"name": {"th": "\u0e01\u0e32\u0e23\u0e19\u0e33\u0e40\u0e2a\u0e19\u0e2d\u0e41\u0e1a\u0e1a\u0e2a\u0e37\u0e48\u0e2d\u0e2b\u0e25\u0e32\u0e22\u0e21\u0e34\u0e15\u0e34", "en": "Hypermedia Presentation"}, "id": "01219482"}, {"name": {"th": "\u0e28\u0e34\u0e25\u0e1b\u0e28\u0e32\u0e2a\u0e15\u0e23\u0e4c\u0e14\u0e34\u0e08\u0e34\u0e17\u0e31\u0e25", "en": "Digital Arts"}, "id": "01219483"}, {"name": {"th": "\u0e2a\u0e2b\u0e01\u0e34\u0e08\u0e28\u0e36\u0e01\u0e29\u0e32", "en": "Cooperative Education"}, "id": "01219490"}, {"name": {"th": "\u0e23\u0e30\u0e40\u0e1a\u0e35\u0e22\u0e1a\u0e27\u0e34\u0e18\u0e35\u0e27\u0e34\u0e08\u0e31\u0e22\u0e40\u0e1a\u0e37\u0e49\u0e2d\u0e07\u0e15\u0e49\u0e19\u0e17\u0e32\u0e07\u0e27\u0e34\u0e28\u0e27\u0e01\u0e23\u0e23\u0e21\u0e0b\u0e2d\u0e1f\u0e15\u0e4c\u0e41\u0e27\u0e23\u0e4c\u0e41\u0e25\u0e30\u0e04\u0e27\u0e32\u0e21\u0e23\u0e39\u0e49", "en": "Introduction to Research Methods in Software and Knowledge Engineering"}, "id": "01219491"}, {"name": {"th": "\u0e01\u0e32\u0e23\u0e40\u0e1b\u0e47\u0e19\u0e1c\u0e39\u0e49\u0e1b\u0e23\u0e30\u0e01\u0e2d\u0e1a\u0e01\u0e32\u0e23\u0e0b\u0e2d\u0e1f\u0e15\u0e4c\u0e41\u0e27\u0e23\u0e4c", "en": "Software Entrepreneurship"}, "id": "01219492"}, {"name": {"th": "\u0e42\u0e04\u0e23\u0e07\u0e07\u0e32\u0e19\u0e23\u0e32\u0e22\u0e1a\u0e38\u0e04\u0e04\u0e25\u0e27\u0e34\u0e28\u0e27\u0e01\u0e23\u0e23\u0e21\u0e0b\u0e2d\u0e1f\u0e15\u0e4c\u0e41\u0e27\u0e23\u0e4c\u0e41\u0e25\u0e30\u0e04\u0e27\u0e32\u0e21\u0e23\u0e39\u0e49", "en": "Software and Knowledge Engineering Individual Project"}, "id": "01219495"}, {"name": {"th": "\u0e40\u0e23\u0e37\u0e48\u0e2d\u0e07\u0e40\u0e09\u0e1e\u0e32\u0e30\u0e17\u0e32\u0e07\u0e27\u0e34\u0e28\u0e27\u0e01\u0e23\u0e23\u0e21\u0e0b\u0e2d\u0e1f\u0e15\u0e4c\u0e41\u0e27\u0e23\u0e4c\u0e41\u0e25\u0e30\u0e04\u0e27\u0e32\u0e21\u0e23\u0e39\u0e49", "en": "Selected Topics in Software and Knowledge Engineering"}, "id": "01219496"}, {"name": {"th": "\u0e2a\u0e31\u0e21\u0e21\u0e19\u0e32", "en": "Seminar"}, "id": "01219497"}, {"name": {"th": "\u0e1b\u0e31\u0e0d\u0e2b\u0e32\u0e1e\u0e34\u0e40\u0e28\u0e29", "en": "Special Problems"}, "id": "01219498"}, {"name": {"th": "\u0e42\u0e04\u0e23\u0e07\u0e07\u0e32\u0e19\u0e01\u0e25\u0e38\u0e48\u0e21\u0e19\u0e27\u0e31\u0e15\u0e01\u0e23\u0e23\u0e21\u0e0b\u0e2d\u0e1f\u0e15\u0e4c\u0e41\u0e27\u0e23\u0e4c", "en": "Innovative Software Group Project"}, "id": "01219499"}]